date,0x20240830,,,,,,,,,,,,,,,,,,,,,,end
title,time/0.1s,current,time/0.1s,current,time/0.1s,current,time/0.1s,current,time/0.1s,current,time/0.1s,current,time/0.1s,current,time/0.1s,current,time/0.1s,current,time/0.1s,current,time/0.1s,current,end
level/type,sdp,sdp,cdp/dcp,cdp/dcp,vooc,vooc,svooc,svooc,pd/qc,pd/qc,third-pps,third-pps,third-ufcs,third-ufcs,bpp,bpp,epp/epp-plus,epp/epp-plus,airvooc,airvooc,airsvooc,airsvooc,end
crc32,0x8955bdf5,NA,0x99db4848,NA,0x4a7ff9c4,NA,0xc760507b,NA,0x81b34f,NA,0x8b38955e,NA,0x6d54bf87,NA,0x917abdfe,NA,0x26645874,NA,0x26645874,NA,0x85f9e64c,NA,end
max_current,500,NA,2000,NA,6000,NA,7300,NA,1300,NA,3000,NA,4000,NA,1200,NA,2800,NA,2800,NA,11000,NA,end
fcc,5520,NA,5520,NA,5520,NA,5439,NA,5157,NA,5439,NA,5520,NA,5520,NA,5476,NA,5476,NA,5520,NA,end
0,460,530,141,1893,713,5955,63,5877,100,2720,64,2303,93,3596,20,764,635,2523,635,2523,166,7796,end
1,3113,541,858,1920,252,5949,100,14464,604,2720,273,5667,217,7359,1706,994,635,2523,635,2523,166,7796,end
2,3515,545,941,2072,303,5953,159,14476,664,2683,360,5770,259,7541,1785,1016,741,2504,741,2504,201,9642,end
3,3489,544,1036,1897,364,5947,151,12049,715,2650,354,5750,252,7468,1789,1013,752,2457,752,2457,167,9493,end
4,3465,543,986,1909,301,5981,151,12043,707,2613,301,5787,251,7500,1841,1006,805,2448,805,2448,195,9793,end
5,3565,536,1031,1898,302,5952,151,12039,715,2593,353,5758,301,7469,1823,995,751,2396,751,2396,208,9803,end
6,3559,537,995,1895,313,5952,149,12036,767,2572,353,5751,261,7472,1933,952,806,2403,806,2403,149,9682,end
7,3534,533,1062,1887,302,5954,161,11831,706,2561,299,5822,251,7495,1961,948,736,2372,736,2372,199,9750,end
8,3596,529,977,1894,312,5975,150,11833,717,2542,351,5804,249,7534,1885,964,806,2372,806,2372,198,9876,end
9,3628,527,1037,1870,301,5985,200,11795,768,2535,364,5762,252,7517,1910,958,789,2371,789,2371,199,9940,end
10,3577,524,1037,1854,302,5972,160,11756,718,2528,302,5688,263,7450,1902,957,803,2365,803,2365,209,9888,end
11,3602,523,1057,1850,312,5954,150,11756,759,2524,351,5776,252,7407,1961,932,801,2363,801,2363,199,9826,end
12,3649,522,1046,1851,352,5961,201,9744,718,2526,304,5743,252,7380,1946,935,790,2363,790,2363,149,9779,end
13,3648,520,1036,1850,302,5956,210,9739,768,2523,355,5712,248,7512,1958,947,755,2362,755,2362,199,9702,end
14,3644,522,1045,1845,312,5956,201,9678,708,2522,305,5670,262,7500,1902,953,799,2342,799,2342,209,9680,end
15,3642,520,1037,1841,302,5971,150,9676,768,2523,364,5783,252,7438,1908,951,806,2357,806,2357,199,9742,end
16,3651,520,1086,1843,312,5969,209,9676,768,2520,355,5728,302,7399,2010,907,800,2332,800,2332,199,9694,end
17,3536,520,1042,1842,302,5969,200,9608,718,2515,296,5772,259,7498,1968,947,830,2342,830,2342,198,9738,end
18,3638,519,1008,1842,302,5957,201,9609,758,2514,355,5749,252,7476,1904,947,794,2317,794,2317,209,9744,end
19,3709,517,1045,1841,312,5952,211,9609,718,2510,304,5698,252,7424,1976,946,808,2317,808,2317,199,9675,end
20,3574,516,1083,1839,302,5961,200,9605,768,2506,349,5826,249,7579,1964,917,787,2319,787,2319,199,9730,end
21,3751,515,1042,1833,353,5965,188,9594,753,2501,304,5787,253,7555,1956,946,802,2311,802,2311,149,9689,end
22,3757,514,1075,1829,312,5961,210,8774,719,2494,365,5741,263,7498,1905,946,848,2311,848,2311,199,9694,end
23,3731,513,1038,1827,302,5954,250,8770,768,2494,355,5723,252,7442,1985,933,801,2303,801,2303,209,9710,end
24,3700,511,1088,1753,313,5959,210,8760,768,2489,302,5757,252,7392,1902,935,802,2299,802,2299,284,6843,end
25,3743,510,1119,1793,302,5960,200,8754,761,2487,329,5720,250,7514,1973,934,797,2291,797,2291,258,6906,end
26,3668,511,1064,1818,301,5976,261,8750,759,2466,303,5757,262,7472,2001,935,807,2296,807,2296,298,6897,end
27,3745,508,1016,1835,347,5960,200,8750,768,2479,354,5707,252,7428,1906,937,845,2279,845,2279,247,6754,end
28,3751,508,1076,1850,353,4967,200,8752,717,2476,352,5824,252,7379,1982,934,797,2284,797,2284,299,6717,end
29,3743,507,1001,1861,361,4992,210,8752,804,2473,304,5776,310,7508,1948,927,844,2281,844,2281,308,6741,end
30,3729,508,1067,1870,403,4989,251,8750,758,2467,365,5736,252,7471,1931,929,807,2282,807,2282,249,6795,end
31,3805,504,966,1883,360,5022,210,8751,717,2465,305,5687,252,7418,1941,927,845,2271,845,2271,298,6788,end
32,3746,504,1068,1890,353,5003,200,8750,768,2462,350,5765,252,7370,2089,909,806,2280,806,2280,259,6735,end
33,3751,504,975,1901,411,5014,251,8747,769,2462,355,5754,261,7521,1948,929,845,2268,845,2268,294,6930,end
34,3687,504,1016,1909,353,5000,210,8768,758,2458,304,5703,252,7465,1950,923,805,2276,805,2276,249,6959,end
35,3787,505,1018,1914,351,5003,200,8759,769,2455,355,5657,252,7423,1991,921,845,2268,845,2268,308,6912,end
36,3755,502,1017,1921,413,4992,260,8762,764,2453,304,5769,249,7375,1987,908,792,2269,792,2269,248,6840,end
37,3735,504,968,1925,351,4996,200,8758,768,2455,365,5732,310,7496,1955,919,847,2262,847,2262,299,6806,end
38,3789,502,1029,1932,363,4977,200,8757,759,2450,356,5687,252,7458,2036,922,787,2273,787,2273,247,6841,end
39,3799,502,1018,1941,403,4996,210,8756,768,2450,300,5781,252,7415,1976,908,855,2276,855,2276,307,6882,end
40,3787,501,967,1946,360,5020,251,8759,767,2445,353,5766,252,7359,1993,915,844,2267,844,2267,249,6868,end
41,3726,502,969,1947,352,5019,210,8760,768,2442,355,5719,260,7477,2003,917,807,2268,807,2268,298,6848,end
42,3780,501,1017,1952,412,4983,200,8760,758,2439,304,5672,252,7425,1946,916,840,2247,840,2247,257,6926,end
43,3793,500,975,1961,352,4986,200,8758,768,2437,352,5771,252,7368,2007,910,803,2261,803,2261,298,6866,end
44,3756,500,967,1965,360,4995,261,8755,768,2433,365,5737,252,7509,2054,916,844,2252,844,2252,249,6892,end
45,3728,498,968,1971,401,4997,200,8761,768,2433,304,5680,263,7440,1947,915,807,2257,807,2257,309,6829,end
46,3809,498,1018,1974,354,4965,210,8771,759,2427,352,5823,302,7381,2071,882,834,2255,834,2255,249,6797,end
47,3844,496,967,1973,398,4986,250,8764,769,2426,304,5777,250,7486,2002,911,854,2247,854,2247,298,6776,end
48,3792,496,967,1978,361,4991,210,8762,818,2423,355,5726,262,7427,2006,912,847,2249,847,2249,298,6756,end
49,3828,494,978,1981,352,4994,200,8759,768,2419,304,5670,251,7533,1964,909,800,2245,800,2245,259,6779,end
50,3789,494,969,1982,352,4997,251,8757,764,2414,364,5764,252,7453,2031,903,845,2242,845,2242,296,6827,end
51,3845,492,968,1985,409,4998,210,8767,800,2411,355,5707,252,7390,2051,908,850,2227,850,2227,249,6888,end
52,3669,494,969,1984,352,4991,200,8766,768,2410,301,5776,261,7501,1990,907,854,2232,854,2232,308,6878,end
53,3897,490,968,1984,413,4998,210,8758,767,2408,354,5745,252,7436,2050,885,795,2218,795,2218,249,6796,end
54,3856,489,978,1985,351,4997,251,8756,767,2404,350,5779,252,7365,2003,900,891,2223,891,2223,298,6733,end
55,3894,488,1019,1984,362,4997,200,8758,757,2401,304,5748,302,7482,2043,900,842,2206,842,2206,306,6797,end
56,3841,489,919,1982,402,5001,234,8756,819,2396,359,5775,262,7378,2040,883,806,2215,806,2215,249,6854,end
57,3943,488,968,1983,361,4992,250,7593,768,2391,304,5761,251,7491,2098,897,840,2208,840,2208,249,6824,end
58,3893,488,968,1980,352,4994,261,7590,819,2386,347,5838,252,7401,1999,899,855,2205,855,2205,299,6775,end
59,3887,485,1018,1977,413,4979,240,7584,761,2379,304,5823,250,7484,2012,888,843,2202,843,2202,308,6739,end
60,3926,485,978,1972,353,4983,260,7184,808,2373,354,5743,262,7423,2081,888,902,2185,902,2185,249,6737,end
61,3947,481,969,1969,359,5030,293,7172,767,2370,352,5765,251,7565,2001,891,842,2187,842,2187,278,6720,end
62,3939,481,968,1967,395,4988,261,6793,818,2363,303,5730,252,7481,2054,889,848,2179,848,2179,357,5960,end
63,3942,480,969,1963,352,5010,311,6797,768,2357,361,5771,295,7394,2080,884,854,2180,854,2180,297,5853,end
64,3968,481,1019,1961,362,4995,250,6797,809,2353,354,5729,263,7160,2111,880,884,2165,884,2165,346,5816,end
65,3943,478,1009,1959,403,4982,311,6798,776,2348,302,5773,253,7155,2056,882,856,2165,856,2165,308,5833,end
66,3986,479,933,1957,361,5005,250,6798,768,2342,354,5719,252,7126,2063,876,895,2151,895,2151,348,5780,end
67,3892,476,1118,1766,352,4986,311,6803,817,2339,303,5763,311,7037,2083,880,857,2154,857,2154,297,5784,end
68,3892,476,1067,1766,412,4992,250,6805,768,2335,347,5830,252,6921,2105,877,894,2143,894,2143,358,5826,end
69,3999,475,1129,1765,352,4988,311,6817,808,2331,362,5815,302,6836,2117,872,857,2148,857,2148,299,5781,end
70,4012,474,1068,1765,362,4999,250,6820,819,2325,304,5707,301,6732,2032,871,893,2135,893,2135,348,5755,end
71,3995,473,1068,1767,402,4995,311,6816,815,2320,353,5774,262,6614,2087,867,856,2132,856,2132,308,5785,end
72,4033,472,1129,1764,362,4975,250,6818,819,2314,301,5793,301,6710,2161,837,890,2134,890,2134,348,5842,end
73,4055,471,1068,1764,352,4996,311,6819,818,2308,351,5758,301,6604,2138,865,855,2123,855,2123,298,5768,end
74,4002,469,1119,1763,362,4992,250,6817,808,2303,352,5777,311,6688,2096,862,929,2119,929,2119,357,5770,end
75,4078,469,1077,1767,403,4978,309,6817,820,2297,310,5782,249,6677,2142,851,855,2110,855,2110,299,5741,end
76,4050,468,1101,1764,352,4982,269,6596,819,2295,353,5764,301,6656,2125,861,895,2114,895,2114,333,5727,end
77,3979,466,1068,1758,409,4979,361,5773,768,2286,302,5832,300,6681,2139,855,896,2101,896,2101,395,5005,end
78,3970,465,1129,1758,352,4959,308,5775,819,2281,353,5771,310,6681,2139,843,883,2098,883,2098,393,4856,end
79,4034,462,1067,1759,362,4936,301,5776,860,2277,353,5739,303,6182,2157,853,897,2091,897,2091,408,4711,end
80,4195,460,1120,1754,401,4912,361,5787,819,2272,301,5780,303,6180,2128,852,902,2092,902,2092,398,4741,end
81,4055,460,1078,1754,359,4912,311,5786,818,2268,353,5742,313,6183,2106,850,942,2077,942,2077,405,4774,end
82,4148,459,1119,1753,392,4906,351,5778,813,2259,313,5770,303,6186,2220,845,905,2081,905,2081,398,4767,end
83,4094,459,1068,1752,405,4842,311,5782,818,2256,345,5765,301,6183,2128,845,892,2070,892,2070,347,4767,end
84,4064,457,1124,1744,396,4697,349,5782,868,2249,405,4960,361,6091,2197,843,906,2067,906,2067,408,4735,end
85,4141,456,1113,1722,407,4639,311,5792,809,2241,404,4890,293,5952,2125,843,948,2031,948,2031,396,4757,end
86,4189,456,1163,1698,395,4585,311,5787,870,2240,369,4793,314,5882,2200,837,1062,1827,1062,1827,403,4916,end
87,4148,454,1125,1671,405,4520,363,5786,810,2233,514,3920,415,4963,2152,836,1044,1815,1044,1815,368,4920,end
88,4194,454,1164,1648,395,4427,411,4583,869,2226,503,3838,372,4961,2216,837,1043,1816,1043,1816,451,4404,end
89,4154,452,1224,1625,456,4370,411,4591,818,2222,528,3739,516,4005,2186,836,1077,1757,1077,1757,433,4243,end
90,4209,449,1163,1604,443,4295,418,4586,868,2216,614,3069,506,4006,2179,833,1963,970,1963,970,432,3985,end
91,4247,449,1224,1581,404,4241,510,3550,808,2208,714,2781,479,4008,2202,829,1925,969,1925,969,540,3449,end
92,4194,448,1253,1559,435,4227,511,3545,867,2202,645,2893,606,3031,2160,827,1959,976,1959,976,582,3297,end
93,4243,448,1211,1537,519,3923,561,3548,870,2194,917,2064,617,3033,2200,829,1968,971,1968,971,624,2976,end
94,4178,446,1322,1513,611,3006,515,3553,819,2189,965,2065,919,1990,2280,823,1926,972,1926,972,743,2488,end
95,4252,443,1272,1487,609,3025,767,2517,869,2183,937,2069,919,1993,2201,826,1961,974,1961,974,742,2378,end
96,4262,440,1212,1464,594,3027,710,2506,868,2170,1027,1866,969,1994,2197,826,1925,973,1925,973,842,2253,end
97,4245,442,1268,1440,914,2167,729,2509,836,2157,1076,1811,919,1991,2226,822,2649,726,2649,726,473,2164,end
98,4256,440,1279,1369,813,2174,1067,1711,927,1999,1546,1253,874,1985,2209,821,2552,732,2552,732,1303,1459,end
99,4318,439,1555,1172,864,2171,1025,1699,1062,1813,1670,1169,1124,1620,2211,821,2546,744,2546,744,1461,1460,end
end,end,end,end,end,end,end,end,end,end,end,end,end,end,end,end,end,end,end,end,end,end,end,end
